Record ID,First Name,Last Name,Email,Collect Date,Loc_City,Loc_Country,Loc_Lat_Lon,Institution Type,Institution,Department,Job Title,Phone,Website,Industry,Tech
1,Pandora,Pickett,a.malesuada@nequetellus.org,06/13/2017,Kharagpur,Cambodia,"-44.43972, -134.5781",Corporation,Mauris LLC,Finances,Developer,1-388-913-7956,"Donec luctus aliquet odio. Etiam ligula tortor, dictum",Oil & Gas,Others
2,Nigel,Garner,Aenean.egestas.hendrerit@magna.ca,09/24/2017,Pace del Mela,Martinique,"-41.61748, -126.14231",Others,Id Company,Advertising,Manager,1-494-669-5412,"penatibus et magnis dis parturient montes,",Travel and transportation,IOT
3,Joel,Stout,malesuada@Phasellusdapibusquam.net,12/30/2017,Chatillon,Montserrat,"-20.0125, 179.53448",Others,Tempus LLP,Public Relations,Designer,1-986-549-6281,"convallis in, cursus et, eros. Proin ultrices.",Entertainment,Machine Learning
4,Jenette,Mendez,non.bibendum.sed@Maecenas.co.uk,05/02/2017,Marburg,Chad,"-59.19494, -1.52207",Others,Primis In Faucibus Inc.,Sales and Marketing,Designer,1-483-714-8868,"parturient montes, nascetur ridiculus mus. Donec dignissim magna",Healthcare,Machine Learning
5,Basil,Daniel,mattis@condimentum.com,08/13/2017,Fontanafredda,Moldova,"-12.28326, 90.58304",Others,Sapien Company,Human Resources,Product Manager,1-138-364-4067,fermentum convallis ligula. Donec,SAP Academy for iOS,VR/AR
6,Mariam,Guzman,amet.orci.Ut@tristiquepellentesquetellus.ca,06/30/2017,Weyburn,Bosnia and Herzegovina,"-74.96647, -32.63401",Others,Ornare Egestas Ligula Institute,Accounting,Designer,1-976-665-3672,"In mi pede, nonummy ut,",Blockchain,VR/AR
7,Xavier,Baxter,Suspendisse.aliquet@aliquetmetusurna.ca,05/09/2017,Bournemouth,Jamaica,"25.00928, 63.36556",University,Aenean Egestas Hendrerit Ltd,Payroll,Product Manager,1-782-997-9919,luctus. Curabitur egestas nunc sed,Professional Services,Machine Learning
8,Keefe,Neal,ante@atfringilla.net,10/01/2017,Mangalore,Greenland,"41.76458, -135.68511",Startup,Dui Limited,Human Resources,Other,1-648-990-0919,quam. Pellentesque habitant morbi tristique senectus et,Life Sciences,Others
9,Sylvia,Suarez,amet.nulla.Donec@estacmattis.com,08/11/2017,Glendale,Bosnia and Herzegovina,"-2.45841, -165.87185",Others,Vel Ltd,Payroll,Other,1-296-349-6686,interdum. Nunc sollicitudin commodo ipsum. Suspendisse non,Mining,Machine Learning
10,Alana,Taylor,Donec.est.mauris@Nullam.org,05/17/2017,Dudley,Solomon Islands,"61.52752, -118.73978",Corporation,Ornare Placerat Orci Company,Research and Development,Developer,1-756-862-3875,a neque. Nullam ut nisi,Banking,IOT
11,Chancellor,Gross,fermentum.arcu.Vestibulum@quis.edu,01/17/2018,Besançon,Timor-Leste,"49.2824, 31.96688",University,Eget Ipsum Suspendisse Consulting,Customer Relations,Designer,1-406-711-3551,Integer vitae nibh.,Telecommunication,Others
12,Ali,Duke,eu.sem@Namconsequat.com,07/08/2017,Lüneburg,United States,"77.4262, 89.97316",Others,Hendrerit A Corp.,Finances,Manager,1-115-114-3512,"erat, in consectetuer",HR,IOT
13,Burke,Wilkins,tincidunt@semegestas.net,12/10/2017,Waiheke Island,Poland,"86.19725, 139.61062",Others,Pede Limited,Finances,Designer,1-640-665-7751,"gravida. Aliquam tincidunt, nunc ac",Purpose Driven Innovation,VR/AR
14,Oliver,Kirk,nonummy@scelerisque.co.uk,01/06/2018,Maple Ridge,Belarus,"59.67198, 78.66648",University,Ultricies Ornare Foundation,Asset Management,Developer,1-600-883-6411,Sed auctor odio a purus.,CIOs,Machine Learning
15,Clementine,Sherman,tellus@nibhDonec.com,05/07/2017,Kapiti,Micronesia,"-36.09418, -77.63388",Corporation,Dis Parturient Company,Human Resources,Manager,1-763-523-5863,dui quis accumsan,Consumer Products,VR/AR
16,Aristotle,Blake,enim@Integersem.edu,06/22/2017,Chantemelle,Belgium,"-39.87566, -114.1203",Corporation,Et Rutrum Eu Ltd,Advertising,Designer,1-557-806-7948,"tellus. Nunc lectus pede, ultrices a, auctor",Mill Products,IOT
17,Kirby,Dominguez,dolor.elit@vel.com,05/10/2017,Douai,"Congo, the Democratic Republic of the","-7.54155, 13.23218",Startup,Arcu Ltd,Research and Development,Other,1-608-490-7912,"velit eget laoreet posuere, enim nisl elementum purus,",Media,Machine Learning
18,Evangeline,Michael,sagittis.Nullam.vitae@sit.com,05/01/2017,San Antonio,Afghanistan,"-32.15741, 98.23769",Others,Lacus Quisque Purus Industries,Advertising,Manager,1-639-740-2865,non enim. Mauris quis turpis vitae,Industrial Machinery & Components,Others
19,Roary,Sharpe,venenatis@cursuspurus.edu,01/02/2018,Kitscoty,Nauru,"60.67613, -70.20079",Startup,Dolor Egestas Rhoncus Limited,Finances,Other,1-468-447-8512,"Sed nulla ante, iaculis nec,",Higher Ed & Research,Machine Learning
20,Alyssa,Lott,semper@eteuismodet.co.uk,07/03/2017,Shimoga,Germany,"86.08423, 30.0701",University,Dolor Consulting,Media Relations,Other,1-123-516-5225,"nulla vulputate dui, nec",Mill Products,IOT
21,Cruz,Bush,Donec@Uttinciduntorci.co.uk,01/05/2018,Haddington,Dominica,"-9.78876, 153.1786",Others,Mauris Elit Dictum LLC,Finances,Designer,1-137-930-7142,Morbi non sapien molestie orci tincidunt adipiscing.,CIOs,Machine Learning
22,Kenyon,Conley,elementum.lorem@Nulladignissim.edu,04/27/2017,Penna in Teverina,Western Sahara,"-6.0974, 168.20585",University,Condimentum Institute,Advertising,Other,1-144-406-0089,"quis lectus. Nullam suscipit, est ac",Automotive,VR/AR
23,Margaret,Perez,ante.lectus@lorem.edu,06/27/2017,Chandrapur,Nigeria,"-14.49604, 128.54528",Corporation,Quam Pellentesque Industries,Quality Assurance,Developer,1-335-470-0834,"velit. Cras lorem lorem, luctus ut, pellentesque",HR,Others
24,Charde,Rocha,urna.Ut@semperdui.co.uk,07/26/2017,Ficarolo,Åland Islands,"64.28875, 131.52567",Corporation,Sed Neque PC,Sales and Marketing,Product Manager,1-889-267-0889,vel arcu. Curabitur ut,Public Sector,Machine Learning
25,Irene,Torres,Fusce.dolor@blanditcongueIn.org,06/24/2017,Pereto,Kiribati,"75.23062, -6.73382",Others,Id Sapien LLC,Media Relations,Designer,1-269-376-4809,"et, eros. Proin",Purpose Driven Innovation,Machine Learning
26,Ruth,Callahan,dolor@velmauris.co.uk,05/18/2017,Chillán Viejo,South Sudan,"-46.26973, -166.24131",University,Ultrices Corp.,Customer Relations,Developer,1-766-517-1982,"malesuada id, erat. Etiam",Travel and transportation,VR/AR
27,Leandra,Lewis,feugiat@Donecfringilla.org,04/27/2017,Erlangen,Guam,"1.70341, 174.09798",University,Tellus Faucibus Leo Associates,Payroll,Manager,1-246-870-5235,porttitor tellus non,HR,VR/AR
28,Cora,Vinson,ac.feugiat@acipsumPhasellus.net,10/07/2017,Melton Mowbray,Turks and Caicos Islands,"85.94967, -66.75954",Corporation,Eu Augue Corporation,Payroll,Developer,1-750-409-1056,sodales. Mauris blandit enim consequat purus. Maecenas libero,Banking,IOT
29,Carter,Wyatt,est@pretiumaliquetmetus.net,12/17/2017,s Herenelderen,Bouvet Island,"13.14599, 133.56845",Corporation,Dui Semper Inc.,Sales and Marketing,Manager,1-130-946-0382,"lacus. Nulla tincidunt, neque vitae",SAP Academy for iOS,VR/AR
30,Cairo,Garrett,aliquet@luctus.com,09/21/2017,Paularo,Estonia,"-25.71661, -152.18289",Others,Ultricies Ornare Elit Corp.,Customer Relations,Manager,1-917-108-6517,augue. Sed molestie. Sed id risus quis diam,Consumer Products,Others
31,Plato,Morrow,id.magna@et.net,01/15/2018,Tubeke Tubize,Bahamas,"-64.08841, 79.17121",University,Enim Nunc Corporation,Tech Support,Designer,1-992-684-9240,sociis natoque penatibus et,SAP Academy for iOS,Machine Learning
32,Ann,Olson,vitae.purus@turpisegestasFusce.co.uk,10/10/2017,Cawdor,Finland,"89.55611, 77.14896",Startup,Donec Incorporated,Sales and Marketing,Designer,1-941-827-2616,sodales elit erat vitae,Telecommunication,VR/AR
33,Micah,Sosa,auctor.ullamcorper@congueaaliquet.ca,12/27/2017,Santa Luzia,Tonga,"-85.65902, 92.74002",University,Nunc Sit Inc.,Accounting,Other,1-841-340-6511,arcu imperdiet ullamcorper. Duis at lacus. Quisque purus,Public Sector,IOT
34,Fleur,Dunn,Praesent.eu@pellentesquemassalobortis.net,01/24/2018,Jodoigne-Souveraine,Montenegro,"-41.77882, -76.95952",University,Aliquam Consulting,Human Resources,Other,1-688-806-1592,Sed auctor odio a purus.,Internet of Things,VR/AR
35,Cedric,Beach,venenatis@velnislQuisque.ca,11/09/2017,Osasco,Pakistan,"-63.10105, -86.69008",Corporation,Felis Adipiscing Foundation,Legal Department,Manager,1-254-564-2931,"facilisis, magna tellus faucibus leo, in lobortis tellus",Sports,VR/AR
36,Britanni,Chapman,a@euismod.net,12/01/2017,Lanco,Saudi Arabia,"3.04454, 58.08866",University,Suspendisse Sed Inc.,Accounting,Manager,1-411-769-8782,euismod mauris eu elit.,Virtual Reality,Others
37,Jolene,Carr,facilisis@musAenean.org,05/08/2017,San Pancrazio Salentino,Marshall Islands,"75.90581, -141.53078",Others,Velit Pellentesque LLC,Payroll,Designer,1-903-692-1709,Cum sociis natoque penatibus et magnis dis,Wholesale,VR/AR
38,Mohammad,Trujillo,lacus@necanteblandit.ca,07/14/2017,Parchim	City,Guyana,"71.79858, 133.25761",Others,Quis Accumsan Foundation,Tech Support,Manager,1-902-318-5251,"dui, nec tempus mauris erat eget ipsum.",Healthcare,VR/AR
39,Kirby,Baird,Suspendisse.non@tempor.com,12/11/2017,Edmonton,"Congo, the Democratic Republic of the","-19.39621, -117.5349",Corporation,Ut Tincidunt Vehicula Ltd,Sales and Marketing,Other,1-119-199-0281,"eget varius ultrices, mauris ipsum porta elit,",Mill Products,VR/AR
40,Imogene,Weeks,tristique@tellus.org,05/09/2017,Rum,Zimbabwe,"56.6868, 171.30736",Others,Sem Institute,Quality Assurance,Designer,1-254-124-1666,"ac, feugiat non, lobortis quis, pede.",Travel and transportation,Machine Learning
41,Emerald,Henson,et.magnis.dis@ac.edu,08/04/2017,Sorradile,Spain,"-0.41569, 52.63084",Corporation,Mollis Vitae Posuere PC,Legal Department,Designer,1-931-408-9576,vehicula aliquet libero. Integer in magna.,Entertainment,Others
42,Addison,Reid,erat.semper.rutrum@acmieleifend.edu,09/16/2017,Sambhal,Croatia,"-34.71897, -73.38835",Corporation,Amet Dapibus Id Corporation,Media Relations,Manager,1-113-872-2803,mattis. Cras eget nisi dictum augue,Professional Services,Others
43,Gloria,Lott,semper@Donec.net,09/08/2017,Alajuela,Libya,"58.48532, 38.23323",Startup,Lobortis Industries,Tech Support,Product Manager,1-938-129-0924,"vulputate, posuere vulputate, lacus. Cras interdum.",Public Sector,VR/AR
44,Cyrus,Ray,ullamcorper.velit.in@tellusnon.net,06/18/2017,Dollard-des-Ormeaux,France,"-73.51633, 132.04694",Corporation,Lacus Quisque LLP,Accounting,Product Manager,1-444-954-2530,"velit dui, semper et,",Industrial Machinery & Components,Machine Learning
45,Davis,Wilkinson,at@lacusQuisqueimperdiet.ca,06/22/2017,Juazeiro,Switzerland,"-71.36341, -170.85361",Others,Blandit Congue Ltd,Payroll,Developer,1-202-480-1644,"orci, adipiscing non, luctus sit amet, faucibus ut,",SAP Academy for iOS,IOT
46,Alice,Vasquez,odio@pellentesqueSeddictum.org,06/21/2017,Garbsen,Guam,"21.96087, -136.50334",Others,Dui Incorporated,Payroll,Product Manager,1-879-757-9524,"vulputate, risus a ultricies adipiscing, enim mi",Mill Products,Machine Learning
47,Maryam,Hampton,cursus.purus.Nullam@fringillacursus.org,01/20/2018,Zoerle-Parwijs,Anguilla,"12.20819, 138.69899",University,In Scelerisque Scelerisque Corporation,Finances,Product Manager,1-568-732-7785,"accumsan laoreet ipsum. Curabitur consequat, lectus sit amet",SAP Academy for iOS,IOT
48,Carlos,Hatfield,egestas.Fusce@etpede.ca,06/22/2017,Recoleta,Bolivia,"82.40632, 70.65636",University,Vitae Diam Proin LLC,Legal Department,Developer,1-315-944-8233,"cursus non, egestas a, dui.",Purpose Driven Innovation,IOT
49,TaShya,Delaney,sapien.imperdiet.ornare@est.edu,06/05/2017,Folkestone,Bosnia and Herzegovina,"-39.56986, 43.31775",University,Vehicula Aliquet Libero Corporation,Tech Support,Manager,1-795-597-4490,"ipsum dolor sit amet,",Consumer Products,VR/AR
50,Quynn,Schroeder,sem.ut@luctuset.net,09/22/2017,Orangeville,Lebanon,"32.08643, 52.25051",University,Vel Industries,Advertising,Manager,1-772-372-4572,"pharetra sed, hendrerit a, arcu.",Defense and Security,IOT
51,Haviva,Black,Sed.dictum.Proin@malesuadaInteger.com,09/16/2017,Colli a Volturno,Sudan,"14.61111, 173.28285",University,Adipiscing Company,Sales and Marketing,Designer,1-120-583-3085,"facilisis vitae, orci. Phasellus dapibus quam quis diam.",Banking,Machine Learning
52,Colt,Bryant,Fusce.feugiat.Lorem@idante.org,09/06/2017,Eugene,Bhutan,"-21.63585, -103.57449",Others,Eros Nec Tellus Associates,Public Relations,Developer,1-607-844-1191,"a, aliquet vel, vulputate eu, odio. Phasellus at",Banking,VR/AR
53,Gregory,Dillard,eu@Duisrisus.co.uk,10/29/2017,Bhagalpur,Niger,"-30.10784, -123.49596",Others,Ligula Eu PC,Accounting,Developer,1-263-280-5859,gravida. Praesent eu nulla at sem molestie,Chemicals,Machine Learning
54,Martina,Rogers,enim.nec.tempus@montesnasceturridiculus.net,04/30/2017,Caldarola,Albania,"56.84496, -77.94106",Startup,Ante Blandit Viverra Foundation,Finances,Developer,1-573-378-7266,"leo. Vivamus nibh dolor, nonummy",Banking,VR/AR
55,Austin,Torres,Cum.sociis.natoque@ipsumcursusvestibulum.co.uk,08/02/2017,Henderson,Kyrgyzstan,"-1.55189, 20.94274",University,Interdum Enim Foundation,Payroll,Developer,1-556-928-2290,"dolor, tempus non, lacinia at, iaculis quis, pede.",CIOs,Machine Learning
56,Dakota,Nash,elit.Etiam@Curabitur.com,10/31/2017,Amstetten,Bahrain,"-54.9121, 42.88986",Others,Iaculis Nec Eleifend LLC,Media Relations,Product Manager,1-305-543-8602,Sed id risus quis diam,Entertainment,Machine Learning
57,Perry,Morrison,imperdiet.nec@lacus.org,09/04/2017,Neerglabbeek,Armenia,"-2.57644, -146.83414",University,Eu Metus LLC,Tech Support,Manager,1-616-274-1341,"velit egestas lacinia. Sed congue, elit sed",Blockchain,Machine Learning
58,Chiquita,Weaver,feugiat@Donecluctusaliquet.org,05/31/2017,Mainz,Germany,"41.0086, 147.3486",Others,Pellentesque Sed Dictum Incorporated,Legal Department,Developer,1-532-619-4028,nisi dictum augue malesuada malesuada.,WOMEN,IOT
59,Walker,Nash,mollis.Integer@velsapienimperdiet.edu,12/08/2017,LaSalle,Tanzania,"34.97968, -108.98592",University,Malesuada Corporation,Asset Management,Other,1-714-561-9147,urna et arcu imperdiet ullamcorper. Duis,WOMEN,Others
60,Barbara,Reyes,mollis.nec.cursus@enimCurabitur.com,09/20/2017,Bazzano,Albania,"75.67662, -67.44708",Corporation,Condimentum Eget Volutpat Company,Media Relations,Developer,1-873-217-1352,nunc risus varius,Chemicals,VR/AR
61,Allegra,Cohen,Donec.est@auctor.com,10/11/2017,Watson Lake,Nigeria,"65.01952, -64.34773",Startup,Donec Non Justo Company,Customer Relations,Designer,1-373-661-2000,mi lacinia mattis.,Mill Products,Machine Learning
62,Emery,Cline,imperdiet.ullamcorper@tortorNunccommodo.com,10/28/2017,Juseret,Montserrat,"50.48885, 95.91802",Corporation,Aliquam Rutrum Lorem Company,Accounting,Designer,1-328-290-0878,"sapien. Cras dolor dolor, tempus non,",Public Sector,Others
63,Asher,Wright,a@nullaIntincidunt.org,08/29/2017,Romeral,Russian Federation,"54.39409, -108.67091",Corporation,Egestas Fusce Aliquet LLC,Accounting,Developer,1-829-991-3700,Quisque nonummy ipsum non,Engineering Construction & Operations,IOT
64,Carly,Juarez,est@sagittis.ca,01/21/2018,LiŽge,Somalia,"57.7291, 169.32943",University,Proin Vel Associates,Finances,Developer,1-895-127-7519,Cras eu tellus eu augue porttitor,Chemicals,Machine Learning
65,Nichole,Chen,volutpat.Nulla.dignissim@nuncsitamet.org,10/17/2017,Rennes,Barbados,"0.07267, 174.69298",Corporation,Eu Eleifend LLC,Media Relations,Manager,1-217-273-4506,convallis convallis dolor. Quisque tincidunt,Healthcare,IOT
66,Bethany,Roy,arcu@eleifendCrassed.net,12/17/2017,Crystal Springs,Laos,"-18.55435, -151.59476",University,Lorem Fringilla Ornare Corporation,Research and Development,Manager,1-215-853-2983,"hendrerit consectetuer, cursus et, magna. Praesent interdum",Public Sector,VR/AR
67,Nash,Cooley,dolor@vestibulumMaurismagna.net,11/30/2017,Omaha,Eritrea,"34.81197, -72.06198",Corporation,Blandit Mattis Limited,Quality Assurance,Other,1-575-255-6154,in faucibus orci luctus et ultrices,Mahine Learning,IOT
68,Paloma,Kirk,arcu.eu@mi.com,10/11/2017,Sonnino,Guam,"-69.07272, -65.65605",Others,Eget Magna Suspendisse Institute,Finances,Manager,1-763-417-5253,ultrices posuere cubilia Curae;,Automotive,VR/AR
69,Yoko,Petersen,Nullam.feugiat@tellusid.net,04/20/2017,Putignano,Lesotho,"-46.15371, 30.83239",Corporation,Dictum Proin Limited,Sales and Marketing,Designer,1-255-507-5993,"a, dui. Cras pellentesque. Sed",Aerospace,VR/AR
70,Rowan,Jennings,aliquet@euarcu.com,09/24/2017,Cambiago,French Southern Territories,"74.72535, 150.54783",Others,Sem PC,Payroll,Manager,1-470-561-8941,"Aliquam gravida mauris ut mi. Duis risus odio,",Oil & Gas,Others
71,Ruth,Mccullough,semper.erat.in@fermentummetusAenean.net,06/09/2017,Baie-Saint-Paul,Guinea-Bissau,"-73.70428, 132.65688",Corporation,Magna Company,Advertising,Product Manager,1-951-738-3751,arcu vel quam dignissim pharetra.,SAP Academy for iOS,IOT
72,Sophia,Rich,diam.vel.arcu@arcuNunc.com,04/21/2017,Saint-Remy,Austria,"-55.92874, 1.58989",Corporation,Viverra Limited,Public Relations,Designer,1-770-430-4567,nonummy ipsum non arcu. Vivamus,Insurance,IOT
73,Graham,Fulton,fringilla.porttitor.vulputate@odioAliquamvulputate.ca,11/29/2017,Futrono,Namibia,"-58.08446, -21.47102",Corporation,Aliquet PC,Media Relations,Manager,1-761-519-0978,lobortis mauris. Suspendisse aliquet molestie,Industrial Machinery & Components,Machine Learning
74,Eugenia,Nieves,vel.convallis.in@interdum.co.uk,10/20/2017,Brentwood,French Southern Territories,"3.38707, 160.73778",Corporation,Arcu Eu Odio Inc.,Legal Department,Designer,1-382-325-3835,"laoreet posuere, enim nisl",Wholesale,IOT
75,Drew,Wise,nascetur.ridiculus@luctus.co.uk,09/27/2017,Warburg,"Bonaire, Sint Eustatius and Saba","-54.62929, -123.27413",Startup,Duis Ac Arcu Corp.,Sales and Marketing,Product Manager,1-415-738-1085,"sem mollis dui, in sodales elit erat",Insurance,IOT
76,Sade,Valentine,orci.adipiscing.non@vel.org,10/25/2017,Fort McPherson,Austria,"-8.51079, -31.67153",Others,Euismod Mauris Industries,Public Relations,Other,1-892-404-8894,"lobortis, nisi nibh lacinia orci,",Insurance,Others
77,Gail,Freeman,blandit.congue.In@elit.ca,01/19/2018,Dieppe,India,"-25.32773, 52.37775",Corporation,Aliquam Erat Volutpat Company,Customer Service,Developer,1-531-599-3807,tincidunt aliquam arcu. Aliquam ultrices iaculis odio. Nam,Chemicals,VR/AR
78,Ethan,Mayer,erat.semper@arcu.net,01/02/2018,Montecarotto,Cape Verde,"-37.09553, -156.07019",Corporation,Malesuada Augue Ut Incorporated,Public Relations,Designer,1-373-896-2758,"scelerisque sed, sapien.",WOMEN,Others
79,Ivory,Lopez,dolor@vestibulum.org,12/29/2017,Versailles,Taiwan,"-48.06804, 30.20138",Startup,Ligula LLC,Customer Relations,Developer,1-622-867-6265,molestie tortor nibh sit amet orci.,Entertainment,Others
80,Harper,Ingram,neque@purusNullam.ca,01/17/2018,Rouvroy,Cambodia,"15.43476, 29.97561",Startup,Eu Corporation,Customer Relations,Developer,1-243-324-4761,augue malesuada malesuada. Integer id,Consumer Products,Others
81,Elton,Lopez,Nunc@in.net,06/15/2017,Talgarth,Curaçao,"-13.26808, -165.58353",University,Etiam Bibendum Company,Tech Support,Designer,1-808-105-2090,natoque penatibus et magnis dis parturient,Internet of Things,VR/AR
82,Jamal,Brennan,rhoncus@interdumliberodui.edu,01/26/2018,Oria,Sri Lanka,"-70.20198, -151.96249",University,Malesuada Integer Limited,Media Relations,Designer,1-230-349-7510,consequat enim diam,Oil & Gas,IOT
83,Camilla,Bryant,ligula.Aenean.gravida@Nulla.ca,05/20/2017,Stratford-upon-Avon,Brunei,"-6.84663, -86.89982",Startup,Ac Corp.,Sales and Marketing,Designer,1-799-958-9486,"massa. Mauris vestibulum, neque sed dictum eleifend, nunc",High Tech,VR/AR
84,Rae,Kline,nunc.Quisque.ornare@tempusnon.org,11/29/2017,Veldwezelt,Gibraltar,"82.36014, 115.00564",Startup,Enim Institute,Finances,Other,1-604-607-7508,mauris sit amet,Entertainment,VR/AR
85,Dakota,Ferguson,velit.Aliquam.nisl@nislelementumpurus.net,09/11/2017,Torrejón de Ardoz,Martinique,"-52.06965, 85.31269",Startup,Convallis Convallis Dolor LLC,Advertising,Designer,1-455-475-2659,"hendrerit a, arcu.",Retail,Others
86,Upton,Adams,primis@telluseu.org,09/29/2017,Schwedt,Nicaragua,"-44.4641, -53.50529",Others,Morbi Associates,Customer Relations,Developer,1-127-179-2283,augue eu tellus.,Oil & Gas,Machine Learning
87,Leroy,Campbell,Sed.nec.metus@semmagnanec.org,11/29/2017,Nagpur,Brunei,"47.21598, -100.20399",Startup,Integer Vitae Consulting,Human Resources,Designer,1-105-740-2364,"ipsum sodales purus, in",Professional Services,VR/AR
88,Vera,Flowers,et@Etiam.edu,05/03/2017,Fogo,Nigeria,"-8.92416, -163.35649",Startup,Turpis Corporation,Customer Relations,Manager,1-322-515-6048,"lectus. Nullam suscipit, est ac",Retail,IOT
89,Zahir,Craft,cursus.Nunc@quamquis.edu,10/21/2017,Fresno,Faroe Islands,"-11.91996, 101.88001",Corporation,Nullam Feugiat Associates,Media Relations,Developer,1-255-683-3721,consequat purus. Maecenas,SAP Academy for iOS,Machine Learning
90,Laurel,Rodriquez,sodales@purusNullamscelerisque.co.uk,11/06/2017,Deventer,Ireland,"51.86746, 72.95566",University,Ac Limited,Accounting,Product Manager,1-696-231-7215,"pede. Suspendisse dui. Fusce diam nunc,",Banking,Machine Learning
91,Edward,Morales,ante.Nunc@vitaedolor.edu,10/15/2017,Curaco de Vélez,Benin,"-73.51694, -74.27543",Startup,Arcu Curabitur Associates,Public Relations,Designer,1-526-686-4401,"sit amet, consectetuer",Retail,IOT
92,Rylee,Kirby,In@nibhAliquamornare.org,10/22/2017,Westkapelle,Cuba,"-61.67036, -124.10858",Startup,Nonummy Ipsum Ltd,Media Relations,Developer,1-490-474-7298,amet massa. Quisque porttitor eros nec,Consumer Products,Others
93,Moses,Cruz,pede.sagittis@sodalesatvelit.com,07/09/2017,Shimla,Faroe Islands,"55.80815, -110.3088",University,Varius Nam LLP,Finances,Developer,1-835-789-1266,"gravida sit amet,",Entertainment,IOT
94,Gil,Norris,ultricies.adipiscing.enim@aceleifend.edu,10/16/2017,Fauglia,Montserrat,"-2.10052, 133.72634",Corporation,Quam Quis Industries,Accounting,Designer,1-659-710-6658,"luctus sit amet, faucibus ut, nulla.",Media,Machine Learning
95,Derek,Solis,nibh.Phasellus.nulla@Sedpharetra.org,05/30/2017,Fratta Todina,Antigua and Barbuda,"-86.69351, 60.95541",Corporation,Est Nunc Ullamcorper Associates,Legal Department,Designer,1-186-337-2194,Suspendisse sed dolor. Fusce mi,Mining,IOT
96,Acton,Collins,et.risus@Pellentesqueultriciesdignissim.com,06/15/2017,Cellara,South Sudan,"29.0385, 133.96832",University,Libero Morbi Associates,Accounting,Designer,1-146-567-2987,Vivamus molestie dapibus ligula. Aliquam erat volutpat. Nulla,Telecommunication,IOT
97,Ulysses,Coleman,Suspendisse.dui.Fusce@Sed.net,11/09/2017,Colorno,New Zealand,"-53.48958, 2.46834",University,Arcu Curabitur Ut LLP,Tech Support,Manager,1-997-186-8491,Morbi quis urna. Nunc quis arcu,Mining,Machine Learning
98,Brandon,Andrews,non.lorem@Nuncsollicitudincommodo.co.uk,06/20/2017,Albiano,Bolivia,"-66.3944, 155.82056",Corporation,Aliquam Inc.,Advertising,Product Manager,1-396-588-7559,fringilla mi lacinia mattis. Integer,Purpose Driven Innovation,Machine Learning
99,Ronan,Martinez,ullamcorper.viverra@euenim.com,09/04/2017,Peñaflor,Algeria,"36.92201, -99.41538",University,Cum PC,Payroll,Developer,1-281-776-4951,amet ante. Vivamus non,Automotive,Others
100,Genevieve,Wise,Suspendisse.eleifend.Cras@Aeneanegestashendrerit.net,01/06/2018,Sant'Omero,United Kingdom (Great Britain),"88.43417, -101.99338",Startup,Libero Foundation,Finances,Designer,1-901-254-7879,Vivamus nisi. Mauris nulla.,HR,Machine Learning
